{
  "communities": {
    "0": 0,
    "1": 0,
    "2": 0,
    "3": 0,
    "4": 0,
    "5": 1,
    "6": 1,
    "7": 1,
    "8": 1,
    "9": 1,
    "10": 2,
    "11": 2,
    "12": 2,
    "13": 2,
    "14": 2,
    "15": 3,
    "16": 3,
    "17": 3,
    "18": 3,
    "19": 3,
    "20": 4,
    "21": 4,
    "22": 4,
    "23": 4,
    "24": 4
  },
  "stats_original": {
    "num_nodes": 25,
    "num_edges": 50,
    "avg_degree": 4.0,
    "num_components": 5,
    "avg_clustering": 1.0,
    "density": 0.16666666666666666,
    "community_sizes": [
      5,
      5,
      5,
      5,
      5
    ],
    "community_densities": [
      1.0,
      1.0,
      1.0,
      1.0,
      1.0
    ]
  },
  "stats_perturbed": {
    "num_nodes": 25,
    "num_edges": 49,
    "avg_degree": 3.92,
    "num_components": 1,
    "avg_clustering": 0.4379047619047619,
    "density": 0.16333333333333333,
    "community_sizes": [
      5,
      5,
      5,
      5,
      5
    ],
    "community_densities": [
      0.7,
      0.5,
      0.8,
      0.8,
      0.6
    ]
  }
}