{
  "communities": {
    "0": 0,
    "1": 0,
    "2": 0,
    "3": 0,
    "4": 0,
    "5": 0,
    "6": 0,
    "7": 0,
    "8": 0,
    "9": 0,
    "10": 0,
    "11": 0,
    "12": 0,
    "13": 0,
    "14": 0,
    "15": 0,
    "16": 0,
    "17": 0,
    "18": 0,
    "19": 0,
    "20": 1,
    "21": 1,
    "22": 1,
    "23": 1,
    "24": 1,
    "25": 1,
    "26": 1,
    "27": 1,
    "28": 1,
    "29": 1,
    "30": 1,
    "31": 1,
    "32": 1,
    "33": 1,
    "34": 1,
    "35": 1,
    "36": 1,
    "37": 1,
    "38": 1,
    "39": 1,
    "40": 2,
    "41": 2,
    "42": 2,
    "43": 2,
    "44": 2,
    "45": 2,
    "46": 2,
    "47": 2,
    "48": 2,
    "49": 2,
    "50": 2,
    "51": 2,
    "52": 2,
    "53": 2,
    "54": 2,
    "55": 2,
    "56": 2,
    "57": 2,
    "58": 2,
    "59": 2
  },
  "stats_original": {
    "num_nodes": 60,
    "num_edges": 570,
    "avg_degree": 19.0,
    "num_components": 3,
    "avg_clustering": 1.0,
    "density": 0.3220338983050847,
    "community_sizes": [
      20,
      20,
      20
    ],
    "community_densities": [
      1.0,
      1.0,
      1.0
    ]
  },
  "stats_perturbed": {
    "num_nodes": 60,
    "num_edges": 544,
    "avg_degree": 18.133333333333333,
    "num_components": 1,
    "avg_clustering": 0.8055433990960307,
    "density": 0.3073446327683616,
    "community_sizes": [
      20,
      20,
      20
    ],
    "community_densities": [
      0.9157894736842105,
      0.8894736842105263,
      0.8947368421052632
    ]
  }
}