{
  "communities": {
    "0": 0,
    "1": 0,
    "2": 0,
    "3": 0,
    "4": 0,
    "5": 0,
    "6": 0,
    "7": 0,
    "8": 0,
    "9": 0,
    "10": 1,
    "11": 1,
    "12": 1,
    "13": 1,
    "14": 1,
    "15": 1,
    "16": 1,
    "17": 1,
    "18": 1,
    "19": 1,
    "20": 2,
    "21": 2,
    "22": 2,
    "23": 2,
    "24": 2,
    "25": 2,
    "26": 2,
    "27": 2,
    "28": 2,
    "29": 2,
    "30": 3,
    "31": 3,
    "32": 3,
    "33": 3,
    "34": 3,
    "35": 3,
    "36": 3,
    "37": 3,
    "38": 3,
    "39": 3,
    "40": 4,
    "41": 4,
    "42": 4,
    "43": 4,
    "44": 4,
    "45": 4,
    "46": 4,
    "47": 4,
    "48": 4,
    "49": 4
  },
  "stats_original": {
    "num_nodes": 50,
    "num_edges": 225,
    "avg_degree": 9.0,
    "num_components": 5,
    "avg_clustering": 1.0,
    "density": 0.1836734693877551,
    "community_sizes": [
      10,
      10,
      10,
      10,
      10
    ],
    "community_densities": [
      1.0,
      1.0,
      1.0,
      1.0,
      1.0
    ]
  },
  "stats_perturbed": {
    "num_nodes": 50,
    "num_edges": 229,
    "avg_degree": 9.16,
    "num_components": 1,
    "avg_clustering": 0.7247756687756687,
    "density": 0.18693877551020407,
    "community_sizes": [
      10,
      10,
      10,
      10,
      10
    ],
    "community_densities": [
      0.9333333333333333,
      0.9111111111111111,
      0.9111111111111111,
      0.8888888888888888,
      0.8444444444444444
    ]
  }
}