{
  "communities": {
    "0": 0,
    "1": 0,
    "2": 0,
    "3": 0,
    "4": 0,
    "5": 0,
    "6": 0,
    "7": 0,
    "8": 0,
    "9": 0,
    "10": 1,
    "11": 1,
    "12": 1,
    "13": 1,
    "14": 1,
    "15": 1,
    "16": 1,
    "17": 1,
    "18": 1,
    "19": 1,
    "20": 2,
    "21": 2,
    "22": 2,
    "23": 2,
    "24": 2,
    "25": 2,
    "26": 2,
    "27": 2,
    "28": 2,
    "29": 2
  },
  "stats_original": {
    "num_nodes": 30,
    "num_edges": 135,
    "avg_degree": 9.0,
    "num_components": 3,
    "avg_clustering": 1.0,
    "density": 0.3103448275862069,
    "community_sizes": [
      10,
      10,
      10
    ],
    "community_densities": [
      1.0,
      1.0,
      1.0
    ]
  },
  "stats_perturbed": {
    "num_nodes": 30,
    "num_edges": 128,
    "avg_degree": 8.533333333333333,
    "num_components": 1,
    "avg_clustering": 0.752025012025012,
    "density": 0.2942528735632184,
    "community_sizes": [
      10,
      10,
      10
    ],
    "community_densities": [
      0.8888888888888888,
      0.8444444444444444,
      0.8888888888888888
    ]
  }
}