{
  "communities": {
    "0": 0,
    "1": 0,
    "2": 0,
    "3": 0,
    "4": 0,
    "5": 0,
    "6": 0,
    "7": 0,
    "8": 0,
    "9": 0,
    "10": 0,
    "11": 0,
    "12": 0,
    "13": 0,
    "14": 0,
    "15": 0,
    "16": 0,
    "17": 0,
    "18": 0,
    "19": 0,
    "20": 1,
    "21": 1,
    "22": 1,
    "23": 1,
    "24": 1,
    "25": 1,
    "26": 1,
    "27": 1,
    "28": 1,
    "29": 1,
    "30": 1,
    "31": 1,
    "32": 1,
    "33": 1,
    "34": 1,
    "35": 1,
    "36": 1,
    "37": 1,
    "38": 1,
    "39": 1,
    "40": 2,
    "41": 2,
    "42": 2,
    "43": 2,
    "44": 2,
    "45": 2,
    "46": 2,
    "47": 2,
    "48": 2,
    "49": 2,
    "50": 2,
    "51": 2,
    "52": 2,
    "53": 2,
    "54": 2,
    "55": 2,
    "56": 2,
    "57": 2,
    "58": 2,
    "59": 2,
    "60": 3,
    "61": 3,
    "62": 3,
    "63": 3,
    "64": 3,
    "65": 3,
    "66": 3,
    "67": 3,
    "68": 3,
    "69": 3,
    "70": 3,
    "71": 3,
    "72": 3,
    "73": 3,
    "74": 3,
    "75": 3,
    "76": 3,
    "77": 3,
    "78": 3,
    "79": 3,
    "80": 4,
    "81": 4,
    "82": 4,
    "83": 4,
    "84": 4,
    "85": 4,
    "86": 4,
    "87": 4,
    "88": 4,
    "89": 4,
    "90": 4,
    "91": 4,
    "92": 4,
    "93": 4,
    "94": 4,
    "95": 4,
    "96": 4,
    "97": 4,
    "98": 4,
    "99": 4
  },
  "stats_original": {
    "num_nodes": 100,
    "num_edges": 950,
    "avg_degree": 19.0,
    "num_components": 5,
    "avg_clustering": 1.0,
    "density": 0.1919191919191919,
    "community_sizes": [
      20,
      20,
      20,
      20,
      20
    ],
    "community_densities": [
      1.0,
      1.0,
      1.0,
      1.0,
      1.0
    ]
  },
  "stats_perturbed": {
    "num_nodes": 100,
    "num_edges": 977,
    "avg_degree": 19.54,
    "num_components": 1,
    "avg_clustering": 0.7411908343649292,
    "density": 0.19737373737373737,
    "community_sizes": [
      20,
      20,
      20,
      20,
      20
    ],
    "community_densities": [
      0.9315789473684211,
      0.8947368421052632,
      0.9210526315789473,
      0.9052631578947369,
      0.9210526315789473
    ]
  }
}